{"stats":{"minecraft:custom":{"minecraft:time_since_rest":39634,"minecraft:play_time":52372,"minecraft:crouch_one_cm":3783,"minecraft:sprint_one_cm":43269,"minecraft:deaths":2,"minecraft:walk_one_cm":66691,"minecraft:sneak_time":1134,"minecraft:walk_under_water_one_cm":135,"minecraft:mob_kills":4,"minecraft:drop":6,"minecraft:jump":385,"minecraft:damage_dealt":320,"minecraft:leave_game":5,"minecraft:time_since_death":39604,"minecraft:walk_on_water_one_cm":654,"minecraft:interact_with_beacon":6,"minecraft:total_world_time":52372,"minecraft:swim_one_cm":841,"minecraft:fall_one_cm":1730,"minecraft:fly_one_cm":155725},"minecraft:mined":{"minecraft:grass":9,"minecraft:grass_block":8},"minecraft:killed":{"minecraft:zombie":1,"minecraft:chicken":3},"minecraft:used":{"minecraft:netherite_sword":2,"minecraft:torch":3,"minecraft:oak_leaves":1,"minecraft:coal_ore":1,"minecraft:dirt":124,"minecraft:grass_block":15,"minecraft:iron_block":10,"minecraft:white_terracotta":6,"minecraft:stone":15,"minecraft:sugar_cane":45,"minecraft:beacon":2,"minecraft:cobweb":18,"minecraft:pink_wool":1},"minecraft:dropped":{"minecraft:dirt":6,"minecraft:sugar_cane":5,"minecraft:wheat_seeds":7,"minecraft:grass_block":1},"minecraft:picked_up":{"minecraft:feather":4,"minecraft:chicken":3,"minecraft:rotten_flesh":2,"minecraft:wheat_seeds":7,"minecraft:sugar_cane":5,"minecraft:dirt":8}},"DataVersion":3465}