{"stats":{"minecraft:picked_up":{"minecraft:feather":4,"minecraft:chicken":3,"minecraft:rotten_flesh":2,"minecraft:wheat_seeds":7,"minecraft:sugar_cane":5,"minecraft:dirt":8},"minecraft:used":{"minecraft:netherite_sword":2,"minecraft:torch":3,"minecraft:oak_leaves":1,"minecraft:coal_ore":1,"minecraft:dirt":120,"minecraft:grass_block":15,"minecraft:iron_block":10,"minecraft:white_terracotta":6,"minecraft:stone":15,"minecraft:sugar_cane":45,"minecraft:beacon":2,"minecraft:cobweb":18,"minecraft:pink_wool":1},"minecraft:custom":{"minecraft:time_since_rest":34071,"minecraft:play_time":46809,"minecraft:crouch_one_cm":3782,"minecraft:sprint_one_cm":42130,"minecraft:deaths":2,"minecraft:walk_one_cm":64230,"minecraft:sneak_time":1127,"minecraft:walk_under_water_one_cm":135,"minecraft:mob_kills":4,"minecraft:drop":6,"minecraft:jump":383,"minecraft:damage_dealt":320,"minecraft:leave_game":5,"minecraft:time_since_death":34041,"minecraft:walk_on_water_one_cm":654,"minecraft:interact_with_beacon":6,"minecraft:total_world_time":46809,"minecraft:swim_one_cm":841,"minecraft:fall_one_cm":1730,"minecraft:fly_one_cm":155403},"minecraft:killed":{"minecraft:zombie":1,"minecraft:chicken":3},"minecraft:dropped":{"minecraft:dirt":6,"minecraft:sugar_cane":5,"minecraft:wheat_seeds":7,"minecraft:grass_block":1},"minecraft:mined":{"minecraft:grass":9,"minecraft:grass_block":8}},"DataVersion":3465}