{"stats":{"minecraft:mined":{"minecraft:grass":9,"minecraft:grass_block":8},"minecraft:picked_up":{"minecraft:feather":4,"minecraft:chicken":3,"minecraft:rotten_flesh":2,"minecraft:wheat_seeds":7,"minecraft:sugar_cane":5,"minecraft:dirt":8},"minecraft:killed":{"minecraft:zombie":1,"minecraft:chicken":3},"minecraft:custom":{"minecraft:time_since_rest":10416,"minecraft:crouch_one_cm":3236,"minecraft:play_time":23154,"minecraft:sprint_one_cm":32665,"minecraft:walk_one_cm":48705,"minecraft:deaths":2,"minecraft:sneak_time":748,"minecraft:walk_under_water_one_cm":135,"minecraft:mob_kills":4,"minecraft:drop":6,"minecraft:jump":298,"minecraft:damage_dealt":320,"minecraft:walk_on_water_one_cm":543,"minecraft:time_since_death":10386,"minecraft:interact_with_beacon":6,"minecraft:total_world_time":23154,"minecraft:swim_one_cm":841,"minecraft:fall_one_cm":1730,"minecraft:fly_one_cm":122321},"minecraft:used":{"minecraft:oak_leaves":1,"minecraft:netherite_sword":2,"minecraft:torch":3,"minecraft:coal_ore":1,"minecraft:dirt":30,"minecraft:iron_block":10,"minecraft:grass_block":9,"minecraft:stone":3,"minecraft:beacon":2,"minecraft:sugar_cane":45},"minecraft:dropped":{"minecraft:dirt":6,"minecraft:sugar_cane":5,"minecraft:wheat_seeds":7,"minecraft:grass_block":1}},"DataVersion":3465}