{"stats":{"minecraft:mined":{"minecraft:grass":9,"minecraft:grass_block":8},"minecraft:picked_up":{"minecraft:feather":4,"minecraft:chicken":3,"minecraft:rotten_flesh":2,"minecraft:wheat_seeds":7,"minecraft:sugar_cane":5,"minecraft:dirt":8},"minecraft:killed":{"minecraft:zombie":1,"minecraft:chicken":3},"minecraft:custom":{"minecraft:time_since_rest":9501,"minecraft:crouch_one_cm":3192,"minecraft:play_time":11154,"minecraft:sprint_one_cm":19980,"minecraft:walk_one_cm":25253,"minecraft:deaths":1,"minecraft:sneak_time":737,"minecraft:walk_under_water_one_cm":135,"minecraft:mob_kills":4,"minecraft:drop":6,"minecraft:jump":176,"minecraft:damage_dealt":320,"minecraft:walk_on_water_one_cm":543,"minecraft:time_since_death":9476,"minecraft:total_world_time":11154,"minecraft:swim_one_cm":841,"minecraft:fall_one_cm":1730,"minecraft:fly_one_cm":43641},"minecraft:used":{"minecraft:netherite_sword":2,"minecraft:torch":3,"minecraft:dirt":21,"minecraft:grass_block":8,"minecraft:stone":2,"minecraft:sugar_cane":45},"minecraft:dropped":{"minecraft:dirt":6,"minecraft:sugar_cane":5,"minecraft:wheat_seeds":7,"minecraft:grass_block":1}},"DataVersion":3465}